{
    "Ar36": {
        "error": 0.00024510692984004495, 
        "filter_outliers_dict": {
            "filter_outliers": true, 
            "iterations": 1, 
            "std_devs": 2
        }, 
        "fit": "Parabolic", 
        "value": 0.010748704902881843
    }, 
    "Ar37": {
        "error": 0.00524192604729584, 
        "filter_outliers_dict": {
            "filter_outliers": true, 
            "iterations": 1, 
            "std_devs": 2
        }, 
        "fit": "linear", 
        "value": 0.018940264244369856
    }, 
    "Ar38": {
        "error": 0.002197883607779433, 
        "filter_outliers_dict": {
            "filter_outliers": true, 
            "iterations": 1, 
            "std_devs": 2
        }, 
        "fit": "linear", 
        "value": 0.012695317641254148
    }, 
    "Ar39": {
        "error": 0.009167128939267983, 
        "filter_outliers_dict": {
            "filter_outliers": true, 
            "iterations": 1, 
            "std_devs": 2
        }, 
        "fit": "Parabolic", 
        "value": 0.0569601459777072
    }, 
    "Ar40": {
        "error": 0.006529230114047436, 
        "filter_outliers_dict": {
            "filter_outliers": true, 
            "iterations": 1, 
            "std_devs": 2
        }, 
        "fit": "Parabolic", 
        "value": 0.43031857598822576
    }, 
    "Ar41": {
        "error": 0.006738548985560861, 
        "filter_outliers_dict": {
            "filter_outliers": true, 
            "iterations": 1, 
            "std_devs": 2
        }, 
        "fit": "linear", 
        "value": -0.06593981841616806
    }
}