{
    "Ar36": {
        "error": 0.00023574305243114112, 
        "filter_outliers_dict": {
            "filter_outliers": true, 
            "iterations": 1, 
            "std_devs": 2
        }, 
        "fit": "Parabolic", 
        "value": 0.011446182317494209
    }, 
    "Ar37": {
        "error": 0.0046880847499348585, 
        "filter_outliers_dict": {
            "filter_outliers": true, 
            "iterations": 1, 
            "std_devs": 2
        }, 
        "fit": "linear", 
        "value": 0.011317045875804942
    }, 
    "Ar38": {
        "error": 0.0021404688132608475, 
        "filter_outliers_dict": {
            "filter_outliers": true, 
            "iterations": 1, 
            "std_devs": 2
        }, 
        "fit": "linear", 
        "value": 0.00791349367941064
    }, 
    "Ar39": {
        "error": 0.008459708981249219, 
        "filter_outliers_dict": {
            "filter_outliers": true, 
            "iterations": 1, 
            "std_devs": 2
        }, 
        "fit": "Parabolic", 
        "value": 0.03863507099936923
    }, 
    "Ar40": {
        "error": 0.007055375836960532, 
        "filter_outliers_dict": {
            "filter_outliers": true, 
            "iterations": 1, 
            "std_devs": 2
        }, 
        "fit": "Parabolic", 
        "value": 0.3773895461589399
    }, 
    "Ar41": {
        "error": 0.006253163471993914, 
        "filter_outliers_dict": {
            "filter_outliers": true, 
            "iterations": 1, 
            "std_devs": 2
        }, 
        "fit": "linear", 
        "value": -0.07671318897023874
    }
}